{"ok":100,"wrong":0,"timeout":0,"exception":0,"total":100,"seed":0,"caseResults":[{"seed":0,"time":5,"result":"Ok","lazyResult":0,"lazyTime":0},{"seed":1,"time":0,"result":"Ok","lazyResult":0,"lazyTime":0},{"seed":2,"time":0,"result":"Ok","lazyResult":0,"lazyTime":0},{"seed":3,"time":0,"result":"Ok","lazyResult":0,"lazyTime":0},{"seed":4,"time":0,"result":"Ok","lazyResult":0,"lazyTime":0},{"seed":5,"time":0,"result":"Ok","lazyResult":0,"lazyTime":0},{"seed":6,"time":0,"result":"Ok","lazyResult":0,"lazyTime":0},{"seed":7,"time":0,"result":"Ok","lazyResult":0,"lazyTime":0},{"seed":8,"time":0,"result":"Ok","lazyResult":0,"lazyTime":0},{"seed":9,"time":0,"result":"Ok","lazyResult":0,"lazyTime":0},{"seed":10,"time":0,"result":"Ok","lazyResult":0,"lazyTime":0},{"seed":11,"time":0,"result":"Ok","lazyResult":0,"lazyTime":0},{"seed":12,"time":0,"result":"Ok","lazyResult":0,"lazyTime":0},{"seed":13,"time":0,"result":"Ok","lazyResult":0,"lazyTime":0},{"seed":14,"time":0,"result":"Ok","lazyResult":0,"lazyTime":0},{"seed":15,"time":0,"result":"Ok","lazyResult":0,"lazyTime":0},{"seed":16,"time":0,"result":"Ok","lazyResult":0,"lazyTime":0},{"seed":17,"time":0,"result":"Ok","lazyResult":0,"lazyTime":0},{"seed":18,"time":0,"result":"Ok","lazyResult":0,"lazyTime":0},{"seed":19,"time":0,"result":"Ok","lazyResult":0,"lazyTime":0},{"seed":20,"time":0,"result":"Ok","lazyResult":0,"lazyTime":0},{"seed":21,"time":0,"result":"Ok","lazyResult":0,"lazyTime":0},{"seed":22,"time":0,"result":"Ok","lazyResult":0,"lazyTime":0},{"seed":23,"time":0,"result":"Ok","lazyResult":0,"lazyTime":0},{"seed":24,"time":0,"result":"Ok","lazyResult":0,"lazyTime":0},{"seed":25,"time":0,"result":"Ok","lazyResult":0,"lazyTime":0},{"seed":26,"time":0,"result":"Ok","lazyResult":0,"lazyTime":0},{"seed":27,"time":0,"result":"Ok","lazyResult":0,"lazyTime":0},{"seed":28,"time":0,"result":"Ok","lazyResult":0,"lazyTime":0},{"seed":29,"time":0,"result":"Ok","lazyResult":0,"lazyTime":0},{"seed":30,"time":0,"result":"Ok","lazyResult":0,"lazyTime":0},{"seed":31,"time":0,"result":"Ok","lazyResult":0,"lazyTime":0},{"seed":32,"time":0,"result":"Ok","lazyResult":0,"lazyTime":0},{"seed":33,"time":0,"result":"Ok","lazyResult":0,"lazyTime":0},{"seed":34,"time":0,"result":"Ok","lazyResult":0,"lazyTime":0},{"seed":35,"time":0,"result":"Ok","lazyResult":0,"lazyTime":0},{"seed":36,"time":0,"result":"Ok","lazyResult":0,"lazyTime":0},{"seed":37,"time":0,"result":"Ok","lazyResult":0,"lazyTime":0},{"seed":38,"time":0,"result":"Ok","lazyResult":0,"lazyTime":0},{"seed":39,"time":0,"result":"Ok","lazyResult":0,"lazyTime":0},{"seed":40,"time":0,"result":"Ok","lazyResult":0,"lazyTime":0},{"seed":41,"time":0,"result":"Ok","lazyResult":0,"lazyTime":0},{"seed":42,"time":0,"result":"Ok","lazyResult":0,"lazyTime":0},{"seed":43,"time":0,"result":"Ok","lazyResult":0,"lazyTime":0},{"seed":44,"time":0,"result":"Ok","lazyResult":0,"lazyTime":0},{"seed":45,"time":0,"result":"Ok","lazyResult":0,"lazyTime":0},{"seed":46,"time":0,"result":"Ok","lazyResult":0,"lazyTime":0},{"seed":47,"time":0,"result":"Ok","lazyResult":0,"lazyTime":0},{"seed":48,"time":0,"result":"Ok","lazyResult":0,"lazyTime":0},{"seed":49,"time":0,"result":"Ok","lazyResult":0,"lazyTime":0},{"seed":50,"time":0,"result":"Ok","lazyResult":0,"lazyTime":0},{"seed":51,"time":0,"result":"Ok","lazyResult":0,"lazyTime":0},{"seed":52,"time":0,"result":"Ok","lazyResult":0,"lazyTime":0},{"seed":53,"time":0,"result":"Ok","lazyResult":0,"lazyTime":0},{"seed":54,"time":0,"result":"Ok","lazyResult":0,"lazyTime":0},{"seed":55,"time":2,"result":"Ok","lazyResult":0,"lazyTime":0},{"seed":56,"time":0,"result":"Ok","lazyResult":0,"lazyTime":0},{"seed":57,"time":0,"result":"Ok","lazyResult":0,"lazyTime":0},{"seed":58,"time":0,"result":"Ok","lazyResult":0,"lazyTime":0},{"seed":59,"time":0,"result":"Ok","lazyResult":0,"lazyTime":0},{"seed":60,"time":0,"result":"Ok","lazyResult":0,"lazyTime":0},{"seed":61,"time":0,"result":"Ok","lazyResult":0,"lazyTime":0},{"seed":62,"time":0,"result":"Ok","lazyResult":0,"lazyTime":0},{"seed":63,"time":0,"result":"Ok","lazyResult":0,"lazyTime":0},{"seed":64,"time":0,"result":"Ok","lazyResult":0,"lazyTime":0},{"seed":65,"time":0,"result":"Ok","lazyResult":0,"lazyTime":0},{"seed":66,"time":0,"result":"Ok","lazyResult":0,"lazyTime":0},{"seed":67,"time":0,"result":"Ok","lazyResult":0,"lazyTime":0},{"seed":68,"time":0,"result":"Ok","lazyResult":0,"lazyTime":0},{"seed":69,"time":0,"result":"Ok","lazyResult":0,"lazyTime":0},{"seed":70,"time":0,"result":"Ok","lazyResult":0,"lazyTime":0},{"seed":71,"time":0,"result":"Ok","lazyResult":0,"lazyTime":0},{"seed":72,"time":0,"result":"Ok","lazyResult":0,"lazyTime":0},{"seed":73,"time":0,"result":"Ok","lazyResult":0,"lazyTime":0},{"seed":74,"time":0,"result":"Ok","lazyResult":0,"lazyTime":0},{"seed":75,"time":0,"result":"Ok","lazyResult":0,"lazyTime":0},{"seed":76,"time":0,"result":"Ok","lazyResult":0,"lazyTime":0},{"seed":77,"time":0,"result":"Ok","lazyResult":0,"lazyTime":0},{"seed":78,"time":0,"result":"Ok","lazyResult":0,"lazyTime":0},{"seed":79,"time":0,"result":"Ok","lazyResult":0,"lazyTime":0},{"seed":80,"time":0,"result":"Ok","lazyResult":0,"lazyTime":0},{"seed":81,"time":0,"result":"Ok","lazyResult":0,"lazyTime":0},{"seed":82,"time":0,"result":"Ok","lazyResult":0,"lazyTime":0},{"seed":83,"time":0,"result":"Ok","lazyResult":0,"lazyTime":0},{"seed":84,"time":0,"result":"Ok","lazyResult":0,"lazyTime":0},{"seed":85,"time":0,"result":"Ok","lazyResult":0,"lazyTime":0},{"seed":86,"time":0,"result":"Ok","lazyResult":0,"lazyTime":0},{"seed":87,"time":0,"result":"Ok","lazyResult":0,"lazyTime":0},{"seed":88,"time":0,"result":"Ok","lazyResult":0,"lazyTime":0},{"seed":89,"time":0,"result":"Ok","lazyResult":0,"lazyTime":0},{"seed":90,"time":0,"result":"Ok","lazyResult":0,"lazyTime":0},{"seed":91,"time":0,"result":"Ok","lazyResult":0,"lazyTime":0},{"seed":92,"time":0,"result":"Ok","lazyResult":0,"lazyTime":0},{"seed":93,"time":0,"result":"Ok","lazyResult":0,"lazyTime":0},{"seed":94,"time":0,"result":"Ok","lazyResult":0,"lazyTime":0},{"seed":95,"time":0,"result":"Ok","lazyResult":0,"lazyTime":0},{"seed":96,"time":0,"result":"Ok","lazyResult":0,"lazyTime":0},{"seed":97,"time":0,"result":"Ok","lazyResult":0,"lazyTime":0},{"seed":98,"time":0,"result":"Ok","lazyResult":0,"lazyTime":0},{"seed":99,"time":0,"result":"Ok","lazyResult":0,"lazyTime":0}]}