{"ok":5,"wrong":14,"timeout":11,"exception":0,"total":100,"seed":0,"caseResults":[{"seed":0,"time":10004,"result":"TimeOut","lazyResult":0,"lazyTime":0},{"seed":1,"time":2,"result":"Ok","lazyResult":0,"lazyTime":0},{"seed":2,"time":10004,"result":"TimeOut","lazyResult":0,"lazyTime":0},{"seed":3,"time":1,"result":"Ok","lazyResult":0,"lazyTime":0},{"seed":4,"time":10003,"result":"TimeOut","lazyResult":0,"lazyTime":0},{"seed":5,"time":0,"result":"Wrong","lazyResult":0,"lazyTime":0},{"seed":6,"time":10003,"result":"TimeOut","lazyResult":0,"lazyTime":0},{"seed":7,"time":0,"result":"Wrong","lazyResult":0,"lazyTime":0},{"seed":8,"time":9999,"result":"TimeOut","lazyResult":0,"lazyTime":0},{"seed":9,"time":4,"result":"Wrong","lazyResult":0,"lazyTime":0},{"seed":10,"time":10001,"result":"TimeOut","lazyResult":0,"lazyTime":0},{"seed":11,"time":5,"result":"Wrong","lazyResult":0,"lazyTime":0},{"seed":12,"time":10002,"result":"TimeOut","lazyResult":0,"lazyTime":0},{"seed":13,"time":49,"result":"Wrong","lazyResult":0,"lazyTime":0},{"seed":14,"time":11,"result":"Ok","lazyResult":0,"lazyTime":0},{"seed":15,"time":80,"result":"Wrong","lazyResult":0,"lazyTime":0},{"seed":16,"time":11,"result":"Ok","lazyResult":0,"lazyTime":0},{"seed":17,"time":847,"result":"Wrong","lazyResult":0,"lazyTime":0},{"seed":18,"time":16,"result":"Wrong","lazyResult":0,"lazyTime":0},{"seed":19,"time":880,"result":"Wrong","lazyResult":0,"lazyTime":0},{"seed":20,"time":3,"result":"Ok","lazyResult":0,"lazyTime":0},{"seed":21,"time":563,"result":"Wrong","lazyResult":0,"lazyTime":0},{"seed":22,"time":4,"result":"Wrong","lazyResult":0,"lazyTime":0},{"seed":23,"time":10003,"result":"TimeOut","lazyResult":0,"lazyTime":0},{"seed":24,"time":4,"result":"Wrong","lazyResult":0,"lazyTime":0},{"seed":25,"time":9999,"result":"TimeOut","lazyResult":0,"lazyTime":0},{"seed":26,"time":4,"result":"Wrong","lazyResult":0,"lazyTime":0},{"seed":27,"time":10003,"result":"TimeOut","lazyResult":0,"lazyTime":0},{"seed":28,"time":3,"result":"Wrong","lazyResult":0,"lazyTime":0},{"seed":29,"time":10002,"result":"TimeOut","lazyResult":0,"lazyTime":0}]}