{"ok":19,"wrong":50,"timeout":11,"exception":0,"total":100,"seed":0,"caseResults":[{"seed":0,"time":184,"result":"Wrong","lazyResult":0,"lazyTime":0},{"seed":1,"time":0,"result":"Ok","lazyResult":0,"lazyTime":0},{"seed":2,"time":74,"result":"Wrong","lazyResult":0,"lazyTime":0},{"seed":3,"time":0,"result":"Wrong","lazyResult":0,"lazyTime":0},{"seed":4,"time":2006,"result":"Wrong","lazyResult":0,"lazyTime":0},{"seed":5,"time":0,"result":"Wrong","lazyResult":0,"lazyTime":0},{"seed":6,"time":2061,"result":"Wrong","lazyResult":0,"lazyTime":0},{"seed":7,"time":0,"result":"Wrong","lazyResult":0,"lazyTime":0},{"seed":8,"time":7161,"result":"Wrong","lazyResult":0,"lazyTime":0},{"seed":9,"time":0,"result":"Wrong","lazyResult":0,"lazyTime":0},{"seed":10,"time":10000,"result":"TimeOut","lazyResult":0,"lazyTime":0},{"seed":11,"time":0,"result":"Ok","lazyResult":0,"lazyTime":0},{"seed":12,"time":10000,"result":"TimeOut","lazyResult":0,"lazyTime":0},{"seed":13,"time":7,"result":"Wrong","lazyResult":0,"lazyTime":0},{"seed":14,"time":0,"result":"Ok","lazyResult":0,"lazyTime":0},{"seed":15,"time":5,"result":"Wrong","lazyResult":0,"lazyTime":0},{"seed":16,"time":0,"result":"Ok","lazyResult":0,"lazyTime":0},{"seed":17,"time":65,"result":"Wrong","lazyResult":0,"lazyTime":0},{"seed":18,"time":0,"result":"Ok","lazyResult":0,"lazyTime":0},{"seed":19,"time":39,"result":"Wrong","lazyResult":0,"lazyTime":0},{"seed":20,"time":0,"result":"Ok","lazyResult":0,"lazyTime":0},{"seed":21,"time":70,"result":"Wrong","lazyResult":0,"lazyTime":0},{"seed":22,"time":1,"result":"Ok","lazyResult":0,"lazyTime":0},{"seed":23,"time":573,"result":"Wrong","lazyResult":0,"lazyTime":0},{"seed":24,"time":0,"result":"Wrong","lazyResult":0,"lazyTime":0},{"seed":25,"time":156,"result":"Wrong","lazyResult":0,"lazyTime":0},{"seed":26,"time":0,"result":"Wrong","lazyResult":0,"lazyTime":0},{"seed":27,"time":6568,"result":"Wrong","lazyResult":0,"lazyTime":0},{"seed":28,"time":0,"result":"Ok","lazyResult":0,"lazyTime":0},{"seed":29,"time":3212,"result":"Wrong","lazyResult":0,"lazyTime":0},{"seed":30,"time":0,"result":"Wrong","lazyResult":0,"lazyTime":0},{"seed":31,"time":10003,"result":"TimeOut","lazyResult":0,"lazyTime":0},{"seed":32,"time":0,"result":"Wrong","lazyResult":0,"lazyTime":0},{"seed":33,"time":10004,"result":"TimeOut","lazyResult":0,"lazyTime":0},{"seed":34,"time":2,"result":"Wrong","lazyResult":0,"lazyTime":0},{"seed":35,"time":0,"result":"Ok","lazyResult":0,"lazyTime":0},{"seed":36,"time":7,"result":"Wrong","lazyResult":0,"lazyTime":0},{"seed":37,"time":0,"result":"Ok","lazyResult":0,"lazyTime":0},{"seed":38,"time":10,"result":"Wrong","lazyResult":0,"lazyTime":0},{"seed":39,"time":0,"result":"Ok","lazyResult":0,"lazyTime":0},{"seed":40,"time":81,"result":"Wrong","lazyResult":0,"lazyTime":0},{"seed":41,"time":0,"result":"Ok","lazyResult":0,"lazyTime":0},{"seed":42,"time":29,"result":"Wrong","lazyResult":0,"lazyTime":0},{"seed":43,"time":0,"result":"Ok","lazyResult":0,"lazyTime":0},{"seed":44,"time":1205,"result":"Wrong","lazyResult":0,"lazyTime":0},{"seed":45,"time":1,"result":"Ok","lazyResult":0,"lazyTime":0},{"seed":46,"time":605,"result":"Wrong","lazyResult":0,"lazyTime":0},{"seed":47,"time":0,"result":"Wrong","lazyResult":0,"lazyTime":0},{"seed":48,"time":10002,"result":"TimeOut","lazyResult":0,"lazyTime":0},{"seed":49,"time":0,"result":"Wrong","lazyResult":0,"lazyTime":0},{"seed":50,"time":6203,"result":"Wrong","lazyResult":0,"lazyTime":0},{"seed":51,"time":0,"result":"Wrong","lazyResult":0,"lazyTime":0},{"seed":52,"time":1095,"result":"Wrong","lazyResult":0,"lazyTime":0},{"seed":53,"time":0,"result":"Wrong","lazyResult":0,"lazyTime":0},{"seed":54,"time":10003,"result":"TimeOut","lazyResult":0,"lazyTime":0},{"seed":55,"time":0,"result":"Wrong","lazyResult":0,"lazyTime":0},{"seed":56,"time":10004,"result":"TimeOut","lazyResult":0,"lazyTime":0},{"seed":57,"time":10,"result":"Wrong","lazyResult":0,"lazyTime":0},{"seed":58,"time":0,"result":"Ok","lazyResult":0,"lazyTime":0},{"seed":59,"time":3,"result":"Wrong","lazyResult":0,"lazyTime":0},{"seed":60,"time":0,"result":"Ok","lazyResult":0,"lazyTime":0},{"seed":61,"time":12,"result":"Wrong","lazyResult":0,"lazyTime":0},{"seed":62,"time":0,"result":"Ok","lazyResult":0,"lazyTime":0},{"seed":63,"time":53,"result":"Wrong","lazyResult":0,"lazyTime":0},{"seed":64,"time":0,"result":"Ok","lazyResult":0,"lazyTime":0},{"seed":65,"time":84,"result":"Wrong","lazyResult":0,"lazyTime":0},{"seed":66,"time":0,"result":"Ok","lazyResult":0,"lazyTime":0},{"seed":67,"time":951,"result":"Wrong","lazyResult":0,"lazyTime":0},{"seed":68,"time":0,"result":"Wrong","lazyResult":0,"lazyTime":0},{"seed":69,"time":205,"result":"Wrong","lazyResult":0,"lazyTime":0},{"seed":70,"time":0,"result":"Wrong","lazyResult":0,"lazyTime":0},{"seed":71,"time":10000,"result":"TimeOut","lazyResult":0,"lazyTime":0},{"seed":72,"time":0,"result":"Wrong","lazyResult":0,"lazyTime":0},{"seed":73,"time":4102,"result":"Wrong","lazyResult":0,"lazyTime":0},{"seed":74,"time":0,"result":"Wrong","lazyResult":0,"lazyTime":0},{"seed":75,"time":10002,"result":"TimeOut","lazyResult":0,"lazyTime":0},{"seed":76,"time":0,"result":"Wrong","lazyResult":0,"lazyTime":0},{"seed":77,"time":10001,"result":"TimeOut","lazyResult":0,"lazyTime":0},{"seed":78,"time":1,"result":"Wrong","lazyResult":0,"lazyTime":0},{"seed":79,"time":10003,"result":"TimeOut","lazyResult":0,"lazyTime":0}]}