[{"seed":0,"result":2,"time":1,"param":[[0,2],[0,3],[1,5],[2,0],[2,1],[2,3],[3,2],[3,5],[3,6],[4,2],[4,3],[5,1],[5,2],[6,1],[6,2],[6,3],[6,5],[7,2],[7,3],[7,4],[7,5],[7,6]],"solution":[0,0,1,0,0,0,0,1]},{"seed":1,"result":3,"time":0,"param":[],"solution":[1,1,1]},{"seed":2,"result":4,"time":0,"param":[[0,1],[0,2],[0,3],[0,6],[1,3],[1,7],[2,5],[3,5],[6,0],[6,2],[7,6]],"solution":[1,1,1,0,1,0,0,0]},{"seed":3,"result":2,"time":0,"param":[[0,1],[2,1]],"solution":[1,0,1]},{"seed":4,"result":2,"time":0,"param":[[0,1],[0,3],[0,5],[0,6],[0,7],[0,8],[1,4],[2,1],[2,4],[2,6],[2,8],[3,0],[3,1],[3,2],[3,6],[4,0],[4,1],[4,3],[4,5],[4,7],[4,8],[5,0],[5,1],[5,4],[6,0],[6,1],[6,3],[6,4],[6,8],[7,2],[7,3],[7,5],[8,0],[8,4],[8,5]],"solution":[1,0,1,0,0,0,0,0,0]},{"seed":5,"result":3,"time":0,"param":[[1,0]],"solution":[0,1,1,1]},{"seed":6,"result":3,"time":0,"param":[[1,2],[1,4],[2,3],[3,0],[3,7],[4,0],[4,7],[4,8],[5,0],[5,2],[5,8],[6,0],[6,1],[6,4],[6,7],[6,8],[7,3],[7,5],[8,1],[8,5]],"solution":[0,1,0,0,0,0,1,1,0]},{"seed":7,"result":2,"time":0,"param":[[0,1],[0,2],[1,2],[2,1],[3,0]],"solution":[1,0,0,1]},{"seed":8,"result":6,"time":2,"param":[[2,6],[3,6],[4,5],[4,9],[5,4],[8,1],[9,6]],"solution":[1,0,1,1,1,0,0,1,1,0]},{"seed":9,"result":3,"time":3,"param":[[0,2],[1,2],[2,1],[2,3]],"solution":[1,0,1,0,1]},{"seed":10,"result":3,"time":0,"param":[[0,6],[0,7],[1,0],[1,2],[1,3],[1,6],[1,7],[2,0],[2,4],[2,5],[2,6],[2,8],[3,0],[3,2],[3,5],[3,8],[4,6],[5,0],[5,2],[5,3],[6,4],[6,7],[6,8],[6,9],[7,0],[7,1],[7,5],[8,5],[8,6],[9,3],[9,4],[9,5],[9,7]],"solution":[0,1,1,0,0,0,1,0,0,0]},{"seed":11,"result":5,"time":0,"param":[],"solution":[1,1,1,1,1]},{"seed":12,"result":5,"time":0,"param":[[0,4],[1,2],[1,4],[1,6],[3,0],[3,8],[4,7],[4,8],[5,3],[6,2],[7,1],[7,2],[8,4],[8,9],[9,1]],"solution":[1,1,0,0,1,1,0,0,1,0]},{"seed":13,"result":2,"time":0,"param":[[0,2],[0,3],[1,5],[3,1],[4,0],[4,5],[5,0],[5,2],[5,4]],"solution":[0,0,0,1,0,1]},{"seed":14,"result":1,"time":0,"param":[],"solution":[1]},{"seed":15,"result":4,"time":0,"param":[[1,3],[4,3],[5,4]],"solution":[1,1,1,0,0,1]},{"seed":16,"result":1,"time":0,"param":[],"solution":[1]},{"seed":17,"result":2,"time":0,"param":[[0,1],[0,3],[1,2],[1,6],[2,0],[2,6],[3,2],[3,4],[3,5],[4,1],[4,3],[5,0],[5,3],[6,0],[6,1],[6,4]],"solution":[0,0,0,1,0,0,1]},{"seed":18,"result":2,"time":0,"param":[],"solution":[1,1]},{"seed":19,"result":4,"time":0,"param":[[0,3],[1,2],[1,6],[2,1],[2,6],[4,2],[5,3],[6,5]],"solution":[1,1,0,0,1,1,0]},{"seed":20,"result":2,"time":3,"param":[],"solution":[1,1]},{"seed":21,"result":2,"time":1,"param":[[0,1],[0,2],[0,3],[0,4],[0,5],[1,2],[1,6],[2,0],[2,5],[3,0],[3,2],[3,6],[4,1],[4,3],[4,5],[4,6],[5,1],[5,6],[6,2],[6,5]],"solution":[1,1,0,0,0,0,0]},{"seed":22,"result":3,"time":1,"param":[],"solution":[1,1,1]},{"seed":23,"result":3,"time":0,"param":[[0,4],[1,4],[1,6],[2,6],[3,0],[3,1],[3,2],[3,5],[4,2],[4,5],[5,1],[5,6],[6,3],[6,5],[7,6]],"solution":[1,0,0,1,0,0,0,1]},{"seed":24,"result":2,"time":0,"param":[[1,2],[2,0]],"solution":[1,1,0]},{"seed":25,"result":6,"time":0,"param":[[1,7],[3,1],[3,7],[7,1]],"solution":[1,0,1,1,1,1,1,0]},{"seed":26,"result":3,"time":1,"param":[[0,2],[3,2]],"solution":[1,1,0,1]},{"seed":27,"result":3,"time":0,"param":[[0,1],[1,0],[1,3],[1,6],[1,8],[2,0],[2,1],[2,7],[2,8],[3,1],[3,5],[3,7],[3,8],[4,0],[4,2],[4,5],[4,8],[5,1],[5,2],[5,7],[6,5],[7,0],[7,8],[8,0],[8,1],[8,7]],"solution":[0,1,1,0,1,0,0,0,0]},{"seed":28,"result":4,"time":0,"param":[],"solution":[1,1,1,1]},{"seed":29,"result":4,"time":0,"param":[[0,3],[0,8],[2,6],[4,7],[4,8],[5,6],[6,7],[8,0],[8,1],[8,4],[8,7]],"solution":[1,0,1,0,0,1,0,0,1]},{"seed":30,"result":2,"time":0,"param":[[2,1],[2,3],[3,2]],"solution":[1,0,1,0]},{"seed":31,"result":2,"time":0,"param":[[0,3],[0,8],[0,9],[1,2],[1,7],[2,0],[2,1],[2,3],[2,6],[2,8],[3,0],[3,7],[4,0],[4,2],[4,3],[4,5],[4,6],[4,9],[5,0],[5,4],[5,7],[5,8],[6,0],[6,1],[6,4],[6,5],[6,7],[6,8],[6,9],[7,2],[7,4],[7,5],[8,0],[8,1],[8,4],[8,5],[8,7],[8,9],[9,2],[9,3],[9,8]],"solution":[0,0,1,0,0,0,1,0,0,0]},{"seed":32,"result":4,"time":0,"param":[[0,3],[2,0]],"solution":[1,1,1,0,1]},{"seed":33,"result":5,"time":0,"param":[[0,6],[0,8],[0,9],[1,0],[2,0],[2,3],[3,1],[3,9],[4,3],[4,6],[5,3],[5,4],[5,6],[5,9],[6,0],[6,4],[6,5],[6,9],[7,4],[8,3],[9,4],[9,8]],"solution":[1,1,1,0,0,1,0,1,0,0]},{"seed":34,"result":2,"time":0,"param":[[0,3],[0,4],[1,0],[2,1],[2,3],[2,4],[4,0]],"solution":[1,0,1,0,0]},{"seed":35,"result":1,"time":0,"param":[],"solution":[1]},{"seed":36,"result":4,"time":0,"param":[[0,1],[0,2],[1,3],[2,4],[5,2]],"solution":[1,1,1,0,0,1]},{"seed":37,"result":1,"time":0,"param":[],"solution":[1]},{"seed":38,"result":2,"time":0,"param":[[0,3],[1,0],[1,2],[1,3],[1,5],[2,1],[2,5],[3,2],[3,5],[4,0],[4,2],[4,3],[4,5],[5,3]],"solution":[0,1,0,0,1,0]},{"seed":39,"result":2,"time":0,"param":[],"solution":[1,1]},{"seed":40,"result":3,"time":0,"param":[[0,1],[0,4],[1,0],[1,6],[3,2],[3,5],[4,3],[5,0],[5,1],[5,6],[6,3]],"solution":[1,1,0,1,0,0,0]},{"seed":41,"result":2,"time":0,"param":[],"solution":[1,1]},{"seed":42,"result":5,"time":0,"param":[[0,6],[3,5]],"solution":[1,1,1,1,1,0,0]},{"seed":43,"result":2,"time":0,"param":[],"solution":[1,1]},{"seed":44,"result":3,"time":0,"param":[[0,1],[0,4],[1,7],[2,3],[2,4],[2,5],[3,2],[3,5],[3,7],[4,0],[4,1],[4,7],[5,0],[5,2],[5,6],[6,1],[6,4],[6,7],[7,0],[7,4]],"solution":[1,0,1,0,0,0,1,0]},{"seed":45,"result":3,"time":0,"param":[],"solution":[1,1,1]},{"seed":46,"result":5,"time":0,"param":[[1,5],[2,7],[3,7],[4,0],[5,1],[5,7],[7,2],[7,5]],"solution":[0,1,1,1,1,0,1,0]},{"seed":47,"result":2,"time":0,"param":[[1,2]],"solution":[1,1,0]},{"seed":48,"result":2,"time":0,"param":[[0,1],[0,4],[0,7],[0,8],[1,4],[1,5],[1,6],[2,8],[3,0],[3,1],[3,4],[3,6],[3,7],[4,3],[4,7],[4,8],[5,0],[5,2],[5,3],[5,6],[6,2],[6,5],[6,7],[7,0],[7,2],[7,5],[7,6],[7,8],[8,2],[8,3],[8,5],[8,6]],"solution":[1,0,0,0,0,1,0,0,0]},{"seed":49,"result":3,"time":0,"param":[[0,1]],"solution":[1,0,1,1]},{"seed":50,"result":4,"time":0,"param":[[0,1],[0,3],[1,0],[1,3],[2,0],[2,3],[2,5],[2,8],[4,3],[4,5],[4,7],[6,3],[6,4],[7,0],[8,0],[8,6],[8,7]],"solution":[1,0,1,0,1,0,1,0,0]},{"seed":51,"result":2,"time":0,"param":[[0,2],[0,3],[1,2],[1,3]],"solution":[1,1,0,0]},{"seed":52,"result":7,"time":0,"param":[[1,0],[5,8]],"solution":[0,1,1,1,1,1,1,1,0]},{"seed":53,"result":3,"time":0,"param":[[0,3],[4,0],[4,1]],"solution":[1,0,1,0,1]},{"seed":54,"result":2,"time":0,"param":[[0,7],[0,8],[0,9],[1,0],[1,3],[1,4],[1,5],[1,7],[1,9],[2,4],[2,8],[3,6],[4,3],[4,6],[5,1],[5,2],[5,3],[5,6],[5,8],[5,9],[6,3],[6,7],[7,5],[7,6],[7,8],[8,0],[9,0],[9,7],[9,8]],"solution":[0,1,0,0,0,1,0,0,0,0]},{"seed":55,"result":2,"time":1,"param":[[0,1],[0,2],[1,0],[1,3],[2,4],[3,0],[3,1],[4,0],[4,1]],"solution":[0,1,1,0,0]},{"seed":56,"result":4,"time":0,"param":[[1,2],[1,7],[4,8],[4,9],[5,0],[5,3],[5,4],[8,9],[9,0],[9,1],[9,8]],"solution":[0,1,0,0,1,1,1,0,0,0]},{"seed":57,"result":3,"time":1,"param":[[0,1],[0,2],[1,4],[2,0],[2,3],[3,4],[4,2],[5,3]],"solution":[1,1,0,0,0,1]},{"seed":58,"result":1,"time":0,"param":[],"solution":[1]},{"seed":59,"result":5,"time":0,"param":[[0,1]],"solution":[1,0,1,1,1,1]},{"seed":60,"result":1,"time":0,"param":[],"solution":[1]},{"seed":61,"result":3,"time":1,"param":[[0,2],[0,3],[1,2],[1,3],[2,3],[3,0],[3,2],[4,2],[4,3],[5,1]],"solution":[1,0,0,0,1,1]},{"seed":62,"result":2,"time":0,"param":[],"solution":[1,1]},{"seed":63,"result":4,"time":0,"param":[[0,1],[0,3],[1,0],[4,0],[4,2],[5,3]],"solution":[1,0,0,0,1,1,1]},{"seed":64,"result":2,"time":0,"param":[],"solution":[1,1]},{"seed":65,"result":2,"time":0,"param":[[0,1],[0,2],[0,3],[1,3],[1,4],[1,5],[2,0],[2,1],[2,4],[2,5],[2,6],[3,0],[3,1],[4,0],[4,1],[4,2],[4,5],[5,1]],"solution":[1,0,1,0,0,0,0]},{"seed":66,"result":3,"time":0,"param":[],"solution":[1,1,1]},{"seed":67,"result":3,"time":0,"param":[[0,3],[0,6],[2,1],[2,4],[3,4],[4,6],[5,1],[5,2],[6,0],[6,5],[6,7],[7,3],[7,6]],"solution":[1,0,1,0,0,0,1,0]},{"seed":68,"result":1,"time":0,"param":[[0,1],[0,2]],"solution":[1,0,0]},{"seed":69,"result":7,"time":0,"param":[[7,6]],"solution":[1,1,1,1,1,1,0,1]},{"seed":70,"result":2,"time":0,"param":[[2,0]],"solution":[0,1,1]},{"seed":71,"result":3,"time":1,"param":[[0,1],[0,5],[1,8],[2,1],[2,3],[2,8],[3,2],[3,5],[3,7],[4,0],[5,1],[5,2],[5,3],[5,6],[6,0],[6,3],[6,4],[6,5],[7,0],[7,4],[7,5],[8,1],[8,7]],"solution":[0,1,0,1,0,0,1,0,0]},{"seed":72,"result":2,"time":0,"param":[[0,2],[0,3],[1,3],[2,3],[3,2]],"solution":[1,1,0,0]},{"seed":73,"result":6,"time":1,"param":[[0,1],[0,5],[1,2],[1,5],[2,0],[3,2],[5,4],[7,1]],"solution":[1,0,0,1,1,0,1,1,1]},{"seed":74,"result":2,"time":2,"param":[[1,0],[1,3],[2,3]],"solution":[0,1,1,0]},{"seed":75,"result":2,"time":4,"param":[[0,1],[0,2],[0,5],[0,6],[0,7],[1,0],[1,6],[1,7],[1,9],[2,1],[2,3],[2,4],[2,5],[2,6],[2,8],[3,0],[3,6],[4,0],[4,3],[4,8],[4,9],[5,0],[5,1],[5,3],[5,4],[5,6],[5,7],[5,9],[6,9],[7,3],[7,9],[8,0],[8,4],[8,6],[8,9],[9,0],[9,3]],"solution":[1,0,0,0,1,0,0,0,0,0]},{"seed":76,"result":4,"time":1,"param":[[4,1]],"solution":[1,0,1,1,1]},{"seed":77,"result":3,"time":0,"param":[[0,2],[0,7],[1,3],[1,4],[2,3],[3,8],[4,9],[5,0],[5,4],[5,7],[5,9],[6,5],[7,3],[7,5],[8,2],[8,6],[9,5],[9,8]],"solution":[0,1,0,0,0,1,0,0,1,0]},{"seed":78,"result":2,"time":0,"param":[[0,4],[1,2],[2,1],[2,4],[3,0],[3,4],[4,1]],"solution":[0,1,0,1,0]},{"seed":79,"result":2,"time":0,"param":[[0,4],[0,6],[0,7],[1,2],[1,4],[1,6],[1,8],[1,9],[2,0],[2,1],[2,3],[2,6],[2,9],[3,0],[3,1],[3,2],[3,4],[3,5],[3,6],[3,7],[3,9],[4,1],[4,3],[4,6],[4,9],[5,1],[5,7],[5,8],[5,9],[6,3],[6,4],[6,7],[7,0],[7,4],[7,9],[8,0],[8,3],[8,5],[8,6],[8,7],[9,3],[9,5],[9,6],[9,7]],"solution":[0,1,0,1,0,0,0,0,0,0]},{"seed":80,"result":4,"time":0,"param":[[1,5],[2,4],[3,4],[4,0]],"solution":[1,1,1,1,0,0]},{"seed":81,"result":1,"time":0,"param":[],"solution":[1]},{"seed":82,"result":2,"time":0,"param":[[0,1],[0,2],[0,3],[0,5],[1,2],[1,3],[1,4],[2,4],[3,0],[3,1],[3,4],[4,0],[4,3]],"solution":[1,1,0,0,0,0]},{"seed":83,"result":1,"time":0,"param":[],"solution":[1]},{"seed":84,"result":4,"time":0,"param":[[0,6],[1,2],[1,4],[2,3],[3,1],[3,2],[3,6],[4,1],[6,4]],"solution":[1,1,1,0,0,1,0]},{"seed":85,"result":2,"time":1,"param":[],"solution":[1,1]},{"seed":86,"result":6,"time":1,"param":[[6,1]],"solution":[1,0,1,1,1,1,1]},{"seed":87,"result":2,"time":2,"param":[],"solution":[1,1]},{"seed":88,"result":3,"time":0,"param":[[0,5],[0,6],[1,0],[1,5],[1,6],[2,1],[2,3],[3,2],[4,1],[4,2],[5,0],[6,0],[6,3]],"solution":[1,0,1,0,1,0,0]},{"seed":89,"result":2,"time":2,"param":[[1,0],[2,1]],"solution":[1,0,1]},{"seed":90,"result":6,"time":0,"param":[[1,5],[1,7],[4,5],[5,2],[6,1],[6,5]],"solution":[1,1,1,1,1,0,1,0]},{"seed":91,"result":2,"time":1,"param":[[1,0]],"solution":[0,1,1]},{"seed":92,"result":3,"time":1,"param":[[0,2],[0,3],[0,4],[0,5],[1,0],[1,4],[1,5],[1,6],[2,0],[2,5],[2,7],[3,0],[3,4],[3,7],[4,1],[4,5],[4,6],[5,0],[6,0],[7,0],[7,3],[7,4]],"solution":[1,1,1,0,0,0,0,0]},{"seed":93,"result":4,"time":0,"param":[],"solution":[1,1,1,1]},{"seed":94,"result":4,"time":0,"param":[[0,2],[2,0],[3,0],[4,2],[4,5],[5,2],[5,3],[5,6],[5,8],[6,3],[6,5],[7,0],[7,5],[8,3]],"solution":[0,1,0,0,1,1,0,1,0]},{"seed":95,"result":2,"time":3,"param":[[0,1],[0,3],[2,1],[3,1]],"solution":[1,0,1,0]},{"seed":96,"result":2,"time":1,"param":[[0,2],[0,4],[0,5],[0,8],[1,3],[1,4],[1,5],[1,7],[1,8],[2,4],[2,5],[3,2],[3,4],[3,5],[3,6],[3,7],[4,0],[4,2],[4,3],[4,5],[4,8],[5,1],[5,2],[5,3],[5,4],[5,6],[5,8],[6,3],[7,0],[7,4],[7,6],[8,1],[8,2],[8,4],[8,7]],"solution":[0,0,0,0,0,1,0,1,0]},{"seed":97,"result":3,"time":1,"param":[[1,0],[2,4]],"solution":[0,1,1,1,0]},{"seed":98,"result":3,"time":0,"param":[[0,1],[0,6],[0,9],[1,7],[1,9],[2,3],[2,6],[2,7],[2,8],[3,1],[3,4],[4,1],[4,5],[4,6],[4,8],[5,1],[5,7],[5,9],[6,0],[6,1],[7,6],[8,2],[8,5],[9,0],[9,7]],"solution":[1,0,1,0,1,0,0,0,0,0]},{"seed":99,"result":2,"time":0,"param":[[0,2],[0,3],[1,2],[1,3],[3,1],[3,4],[4,1],[4,3]],"solution":[1,0,0,1,0]}]