Group, Name, Result, %, Ok, Wrong, Timeout, Exception,,
c111, dianet llano consuegra, SUSPENSO,1.00%,1,91,0,8,,
c113, raydel e reuco garcia, SUSPENSO,58.00%,58,42,0,0,,
c112, reynaldo kevin perez rosales, SUSPENSO,86.00%,86,14,0,0,,
c113, yonatan jose guerra perez, APROBADO,99.00%,99,1,0,0,,
c112, amanda noris hernandez, SUSPENSO,19.00%,19,50,11,0,,
c122, marco antonio ochil trujillo, APROBADO,100.00%,100,0,0,0,,
c113, massiel paz otano, SUSPENSO,24.00%,24,76,0,0,,
c113, jose miguel perez perez, SUSPENSO,0.00%,0,92,0,8,,
c111, yesenia valdes rodriguez, SUSPENSO,25.00%,25,16,0,59,,
c113, juan jose munoz noda, APROBADO,90.00%,90,10,0,0,,
c113, eisler francisco valles rodriguez, SUSPENSO,30.00%,30,70,0,0,,
c113, max bengochea, COMPILATION ERROR,0%,0,0,0,0,,
c112, yoan rene ramos corrales, APROBADO,100.00%,100,0,0,0,,
c113, diego puentes, SUSPENSO,78.00%,78,22,0,0,,
c113, richard garcia rodriguez, SUSPENSO,24.00%,24,76,0,0,,
c111, dayan marcos rufin gonzalez , COMPILATION ERROR,0%,0,0,0,0,,
c111, maday suarez, APROBADO,100.00%,100,0,0,0,,
c112, alex sanchez, APROBADO,100.00%,100,0,0,0,,
c111, franco hernandez piloto, SUSPENSO,0.00%,0,60,0,40,,
c111, jose antonio concepcion, SUSPENSO,24.00%,24,76,0,0,,
c111, carlos manuel gonzalez pena, APROBADO,100.00%,100,0,0,0,,
c112, alejandro alvarez lamazares, APROBADO,91.00%,91,9,0,0,,
c111, jesus armando padrón, APROBADO,100.00%,100,0,0,0,,
c111, leonardo ramirez calatayud, APROBADO,100.00%,100,0,0,0,,
c111, osmay jesus castillo luaces, SUSPENSO,24.00%,24,76,0,0,,
c113, roger a albes caballero, SUSPENSO,10.00%,10,90,0,0,,
c111, glenda liz izquierdo, SUSPENSO,57.00%,57,43,0,0,,
c111, leydis laura hernandez martinez, APROBADO,100.00%,100,0,0,0,,
c113, ovidio navarro, APROBADO,100.00%,100,0,0,0,,
c111, david sardinas lima, SUSPENSO,0.00%,0,0,0,100,,
c113, lazaro david  alba ajete, APROBADO,99.00%,99,1,0,0,,
c113, hector miguel rodriguez sosa, APROBADO,100.00%,100,0,0,0,,
c113, lazaro manuel monzon, APROBADO,100.00%,100,0,0,0,,
c122, randy rivero cordova, SUSPENSO,1.00%,1,94,0,5,,
c112, angel daniel cabrera joya, COMPILATION ERROR,0%,0,0,0,0,,
c112, juan miguel perez martinez, SUSPENSO,5.00%,5,14,11,0,,
c112, richard avila entenza, SUSPENSO,30.00%,30,70,0,0,,
c113, lauren daniela andres castillo, COMPILATION ERROR,0%,0,0,0,0,,
c113, caleb m bello, COMPILATION ERROR,0%,0,0,0,0,,
c112, abdel fregel hernandez, APROBADO,100.00%,100,0,0,0,,
c111, anabel benitez gonzalez, APROBADO,100.00%,100,0,0,0,,
c112, antonio cordero dominguez, SUSPENSO,0.00%,0,100,0,0,,
c111, adiel alejandro groero govea, SUSPENSO,34.00%,34,66,0,0,,
c112, maria de lourdes choy, SUSPENSO,32.00%,32,68,0,0,,
c111, alfredo montero lopez, APROBADO,100.00%,100,0,0,0,,